[
    {
        "correo": "cg@example.com",
        "contenido": "Disfrutando de un día soleado en la playa, la vida es mejor con arena y mar.",
        "fecha": "12/08/2024",
        "hora": "14:23",
        "comentarios": []
    },
    {
        "correo": "ml@example.com",
        "contenido": "Hoy aprendí algo nuevo, siempre es bueno salir de la zona de confort.",
        "fecha": "11/08/2024",
        "hora": "09:45",
        "comentarios": []
    },
    {
        "correo": "jm@example.com",
        "contenido": "El café de la mañana nunca decepciona, ¡energía pura para el día!",
        "fecha": "10/08/2024",
        "hora": "07:30",
        "comentarios": [
            {
                "correo": "f2@gmail.com",
                "comentario": "Totalmente de acuerdo, el café siempre ayuda a empezar bien el día.",
                "fecha": "10/08/2024",
                "hora": "08:00"
            },
            {
                "correo": "jm@example.com",
                "comentario": "Definitivamente, ¡no hay nada como una buena taza de café!",
                "fecha": "10/08/2024",
                "hora": "08:15"
            },
            {
                "correo": "jm@example.com",
                "comentario": "El café me ayuda a concentrarme en mis tareas.",
                "fecha": "10/08/2024",
                "hora": "08:45"
            },
            {
                "correo": "f2@gmail.com",
                "comentario": "Cada mañana, el café es un ritual que no puedo saltar.",
                "fecha": "10/08/2024",
                "hora": "09:10"
            },
            {
                "correo": "jm@example.com",
                "comentario": "Siempre estoy buscando nuevas variedades de café para probar.",
                "fecha": "10/08/2024",
                "hora": "09:30"
            }
        ]
    },
    {
        "correo": "ah@example.com",
        "contenido": "Los atardeceres en la ciudad son simplemente mágicos, me encanta.",
        "fecha": "13/08/2024",
        "hora": "18:12",
        "comentarios": []
    },
    {
        "correo": "lp@example.com",
        "contenido": "Día perfecto para una caminata por el parque, disfrutando de la naturaleza.",
        "fecha": "15/08/2024",
        "hora": "10:57",
        "comentarios": []
    },
    {
        "correo": "jg@example.com",
        "contenido": "La lectura de un buen libro puede cambiar tu perspectiva del mundo.",
        "fecha": "20/08/2024",
        "hora": "16:45",
        "comentarios": [
            {
                "correo": "f2@gmail.com",
                "comentario": "Leer siempre nos transporta a otros mundos, qué bueno que lo disfrutas.",
                "fecha": "20/08/2024",
                "hora": "17:00"
            }
        ]
    },
    {
        "correo": "mr@example.com",
        "contenido": "Una nueva aventura comienza, emocionado por lo que viene.",
        "fecha": "19/08/2024",
        "hora": "08:50",
        "comentarios": [
            {
                "correo": "f2@gmail.com",
                "comentario": "¡Mucha suerte con tu nueva aventura, seguro será increíble!",
                "fecha": "19/08/2024",
                "hora": "09:10"
            }
        ]
    },
    {
        "correo": "sg@example.com",
        "contenido": "La música siempre encuentra la manera de alegrar mi día.",
        "fecha": "18/08/2024",
        "hora": "17:15",
        "comentarios": [
            {
                "correo": "f2@gmail.com",
                "comentario": "La música es el mejor compañero, siempre está ahí para levantarnos el ánimo.",
                "fecha": "18/08/2024",
                "hora": "17:30"
            },
            {
                "correo": "sg@example.com",
                "comentario": "No puedo pasar un día sin música, es esencial para mí.",
                "fecha": "18/08/2024",
                "hora": "18:00"
            },
            {
                "correo": "sg@example.com",
                "comentario": "A veces, una buena canción puede cambiar todo mi día.",
                "fecha": "18/08/2024",
                "hora": "18:30"
            },
            {
                "correo": "f2@gmail.com",
                "comentario": "Definitivamente, la música tiene un poder especial.",
                "fecha": "18/08/2024",
                "hora": "18:50"
            },
            {
                "correo": "sg@example.com",
                "comentario": "Me encanta descubrir nuevos artistas y canciones.",
                "fecha": "18/08/2024",
                "hora": "19:10"
            }
        ]
    },
    {
        "correo": "cg@example.com",
        "contenido": "El deporte me mantiene enfocado y lleno de energía, nunca lo dejaré.",
        "fecha": "17/08/2024",
        "hora": "19:00",
        "comentarios": []
    },
    {
        "correo": "ml@example.com",
        "contenido": "El arte es una expresión del alma, cada cuadro cuenta una historia.",
        "fecha": "16/08/2024",
        "hora": "15:22",
        "comentarios": []
    },
    {
        "correo": "jm@example.com",
        "contenido": "A veces solo necesitas una taza de té y un buen libro.",
        "fecha": "21/08/2024",
        "hora": "20:30",
        "comentarios": [
            {
                "correo": "f2@gmail.com",
                "comentario": "Un buen libro y té, la combinación perfecta para relajarse.",
                "fecha": "21/08/2024",
                "hora": "20:50"
            }
        ]
    },
    {
        "correo": "ah@example.com",
        "contenido": "Recordando viejos tiempos con amigos, esas memorias nunca se olvidan.",
        "fecha": "12/08/2024",
        "hora": "21:05",
        "comentarios": []
    },
    {
        "correo": "lp@example.com",
        "contenido": "El ejercicio diario es clave para una vida saludable, nunca lo dudes.",
        "fecha": "14/08/2024",
        "hora": "06:15",
        "comentarios": []
    },
    {
        "correo": "lr@example.com",
        "contenido": "La naturaleza siempre tiene una forma de sorprendernos, es increíble.",
        "fecha": "20/08/2024",
        "hora": "18:30",
        "comentarios": []
    },
    {
        "correo": "jg@example.com",
        "contenido": "La familia es lo más importante, siempre agradecido por ellos.",
        "fecha": "11/08/2024",
        "hora": "12:10",
        "comentarios": []
    },
    {
        "correo": "et@example.com",
        "contenido": "Los pequeños detalles hacen la diferencia, siempre presta atención.",
        "fecha": "13/08/2024",
        "hora": "22:45",
        "comentarios": []
    },
    {
        "correo": "mr@example.com",
        "contenido": "El camino hacia el éxito está lleno de retos, pero vale la pena.",
        "fecha": "15/08/2024",
        "hora": "14:55",
        "comentarios": []
    },
    {
        "correo": "sg@example.com",
        "contenido": "Las sonrisas sinceras son el mejor regalo que puedes dar.",
        "fecha": "18/08/2024",
        "hora": "09:30",
        "comentarios": []
    },
    {
        "correo": "f2@gmail.com",
        "contenido": "Primer día usando esta plataforma, ¡emocionado por lo que viene!",
        "fecha": "21/08/2024",
        "hora": "10:05",
        "comentarios": []
    },
    {
        "correo": "f2@gmail.com",
        "contenido": "Explorando nuevas funcionalidades, la tecnología nunca deja de sorprenderme.",
        "fecha": "22/08/2024",
        "hora": "14:15",
        "comentarios": []
    }
]
